{
  "Logistic Regression": {
    "mean_auc": 0.5100556242470569,
    "std_auc": 0.0056039160463429456,
    "auc_scores": [
      0.504195914852277,
      0.5159204309354647,
      0.5024557073217754,
      0.5147716862546238,
      0.5129343818711438
    ]
  },
  "Gbdt": {
    "mean_auc": 0.7264099725915516,
    "std_auc": 0.0030767332214647614,
    "auc_scores": [
      0.7245206648997379,
      0.7215951145374963,
      0.729691092553861,
      0.7267153081700551,
      0.7295276827966077
    ]
  },
  "Lightgbm": {
    "mean_auc": 0.7397951321841956,
    "std_auc": 0.0017913336253651264,
    "auc_scores": [
      0.7387744981063319,
      0.7369452708141765,
      0.7401459652406253,
      0.7410239824343102,
      0.7420859443255342
    ]
  }
}