{
  "model_name": "gbdt",
  "auc": 0.6042269187986652,
  "accuracy": 0.5933333333333334,
  "precision": 0.6037735849056604,
  "recall": 0.6193548387096774,
  "f1_score": 0.6114649681528662
}