{
  "model_name": "lightgbm",
  "auc": 0.6285650723025584,
  "accuracy": 0.6266666666666667,
  "precision": 0.6287425149700598,
  "recall": 0.6774193548387096,
  "f1_score": 0.6521739130434783
}