{
  "model_name": "logistic_regression",
  "auc": 0.6497441601779754,
  "accuracy": 0.6133333333333333,
  "precision": 0.6127167630057804,
  "recall": 0.6838709677419355,
  "f1_score": 0.6463414634146342
}