{
  "logistic_regression": {
    "auc": 0.6497441601779754,
    "accuracy": 0.6133333333333333,
    "f1_score": 0.6463414634146342
  },
  "gbdt": {
    "auc": 0.6042269187986652,
    "accuracy": 0.5933333333333334,
    "f1_score": 0.6114649681528662
  },
  "lightgbm": {
    "auc": 0.6285650723025584,
    "accuracy": 0.6266666666666667,
    "f1_score": 0.6521739130434783
  }
}